object_type,schema,object_name,signature_or_table,production_exists,notes
function,private,couranr_begin_idempotent,"p_purpose text, p_actor_type text, p_actor_id uuid, p_key text, p_request_hash text, p_expires_at timestamp with time zone",yes,security=invoker volatility=volatile
function,private,couranr_complete_idempotent,"p_record_id uuid, p_result_ref jsonb",yes,security=invoker volatility=volatile
function,public,couranr_accept_activation_ack,"p_business_account_id uuid, p_actor_user_id uuid, p_ack_kind text, p_ack_version text",yes,security=invoker volatility=volatile
function,public,couranr_accept_delivery_request_as_quoted,"p_request_id uuid, p_business_account_id uuid, p_expected_version integer, p_actor_user_id uuid",yes,security=invoker volatility=volatile
function,public,couranr_accept_member_invite,"p_business_account_id uuid, p_actor_user_id uuid",yes,security=invoker volatility=volatile
function,public,couranr_activate_driver,"p_driver_id uuid, p_expected_version integer, p_actor_user_id uuid",yes,security=invoker volatility=volatile
function,public,couranr_add_customer_address,"p_business_account_id uuid, p_actor_user_id uuid, p_customer_id uuid, p_label text, p_address jsonb, p_instructions text",yes,security=invoker volatility=volatile
function,public,couranr_add_operating_minutes,"p_from timestamp with time zone, p_minutes integer",yes,security=invoker volatility=stable
function,public,couranr_adopt_preset_recommendation,"p_business_account_id uuid, p_actor_user_id uuid, p_preset_id uuid, p_expected_version integer",yes,security=invoker volatility=volatile
function,public,couranr_apply_payment_intent_state,"p_provider_event_id text, p_event_type text, p_payment_intent_id text, p_intent_status text, p_amount integer, p_amount_capturable integer, p_currency text, p_metadata jsonb",yes,security=invoker volatility=volatile
function,public,couranr_apply_readiness,"p_request_id uuid, p_business_account_id uuid, p_expected_version integer, p_actor_user_id uuid, p_command text, p_to text, p_from text[]",yes,security=invoker volatility=volatile
function,public,couranr_arrive_at_dropoff,"p_delivery_id uuid, p_expected_version integer, p_actor_user_id uuid, p_latitude numeric, p_longitude numeric, p_accuracy_m numeric",yes,security=invoker volatility=volatile
function,public,couranr_arrive_at_pickup,"p_delivery_id uuid, p_expected_version integer, p_actor_user_id uuid, p_latitude numeric, p_longitude numeric, p_accuracy_m numeric",yes,security=invoker volatility=volatile
function,public,couranr_assert_driver_mutable,"p_driver_id uuid",yes,security=invoker volatility=volatile
function,public,couranr_assert_dropoff_ready,"p_delivery_id uuid, p_actor_user_id uuid, p_proof_method text, p_latitude numeric, p_longitude numeric",yes,security=invoker volatility=volatile
function,public,couranr_assert_readiness_mutable,"p_request_id uuid",yes,security=invoker volatility=volatile
function,public,couranr_assign_delivery,"p_delivery_id uuid, p_expected_version integer, p_actor_user_id uuid, p_driver_id uuid, p_vehicle_id uuid, p_idempotency_key text",yes,security=invoker volatility=volatile
function,public,couranr_attach_payment_intent,"p_obligation_id uuid, p_expected_version integer, p_payment_intent_id text",yes,security=invoker volatility=volatile
function,public,couranr_begin_delivery_preparation,"p_request_id uuid, p_business_account_id uuid, p_expected_version integer, p_actor_user_id uuid",yes,security=invoker volatility=volatile
function,public,couranr_begin_delivery_request_review,"p_request_id uuid, p_business_account_id uuid, p_expected_version integer, p_actor_user_id uuid",yes,security=invoker volatility=volatile
function,public,couranr_begin_payment_capture,"p_request_id uuid, p_actor_user_id uuid",yes,security=invoker volatility=volatile
function,public,couranr_begin_payment_release,"p_obligation_id uuid, p_actor_user_id uuid, p_expected_version integer, p_reason text",yes,security=invoker volatility=volatile
function,public,couranr_calculate_delivery_request_estimate,"p_request_id uuid, p_business_account_id uuid, p_expected_version integer, p_actor_user_id uuid, p_update_shipment boolean, p_source text, p_readiness_state text, p_payer_type text, p_recipient_name text, p_recipient_phone text, p_recipient_email text, p_loaded_miles numeric, p_weight_lb numeric, p_additional_stops integer, p_service_level text, p_signature_required boolean, p_proof_method text, p_pickup_address jsonb, p_dropoff_address jsonb, p_overnight_requested boolean, p_quote_status text, p_pricing_policy_version text, p_delivery_subtotal_cents integer, p_included_loaded_miles integer, p_billable_loaded_miles numeric, p_quote_line_items jsonb, p_review_reasons jsonb",yes,security=invoker volatility=volatile
function,public,couranr_cancel_service_plan,"p_request_id uuid, p_reason text",yes,security=invoker volatility=volatile
function,public,couranr_change_member_role,"p_business_account_id uuid, p_actor_user_id uuid, p_member_id uuid, p_to_role text",yes,security=invoker volatility=volatile
function,public,couranr_complete_direct_handoff_delivery,"p_delivery_id uuid, p_expected_version integer, p_actor_user_id uuid, p_recipient_first_name text, p_latitude numeric, p_longitude numeric, p_accuracy_m numeric",yes,security=invoker volatility=volatile
function,public,couranr_complete_leave_at_door_delivery,"p_delivery_id uuid, p_expected_version integer, p_actor_user_id uuid, p_safe_location boolean, p_weather_suitable boolean, p_latitude numeric, p_longitude numeric, p_accuracy_m numeric",yes,security=invoker volatility=volatile
function,public,couranr_complete_payment_capture,"p_obligation_id uuid, p_provider_event_id text, p_payment_intent_id text, p_intent_status text, p_amount_received integer, p_currency text",yes,security=invoker volatility=volatile
function,public,couranr_complete_payment_release,"p_obligation_id uuid, p_payment_intent_id text, p_intent_status text",yes,security=invoker volatility=volatile
function,public,couranr_complete_pickup,"p_delivery_id uuid, p_expected_version integer, p_actor_user_id uuid, p_observed_package_count integer, p_staff_first_name text, p_confirmed_vehicle_id uuid, p_latitude numeric, p_longitude numeric, p_accuracy_m numeric, p_dimensions jsonb, p_loading_participants text, p_loading_equipment text, p_existing_damage text, p_driver_acknowledged boolean",yes,security=invoker volatility=volatile
function,public,couranr_complete_signature_delivery,"p_delivery_id uuid, p_expected_version integer, p_actor_user_id uuid, p_signer_first_name text, p_latitude numeric, p_longitude numeric, p_accuracy_m numeric",yes,security=invoker volatility=volatile
function,public,couranr_confirm_service_plan,"p_request_id uuid, p_expected_version integer, p_actor_user_id uuid, p_pickup_start timestamp with time zone, p_pickup_end timestamp with time zone, p_timezone text, p_vehicle_id uuid, p_vehicle_requirement jsonb",yes,security=invoker volatility=volatile
function,public,couranr_conversation_thread,"p_conversation_id uuid, p_viewer_user_id uuid",yes,security=definer volatility=stable
function,public,couranr_create_delivery_from_capture,"p_request_id uuid",yes,security=invoker volatility=volatile
function,public,couranr_create_delivery_request_draft,"p_business_account_id uuid, p_created_by uuid, p_idempotency_key text, p_source text, p_readiness_state text, p_payer_type text, p_recipient_name text, p_recipient_phone text, p_recipient_email text, p_loaded_miles numeric, p_weight_lb numeric, p_additional_stops integer, p_service_level text, p_signature_required boolean, p_proof_method text, p_pickup_address jsonb, p_dropoff_address jsonb, p_overnight_requested boolean, p_quote_status text, p_pricing_policy_version text, p_delivery_subtotal_cents integer, p_included_loaded_miles integer, p_billable_loaded_miles numeric, p_quote_line_items jsonb, p_review_reasons jsonb",yes,security=invoker volatility=volatile
function,public,couranr_create_dispatch_vehicle,"p_actor_user_id uuid, p_name text, p_vehicle_class text, p_payload_capacity_lb integer, p_assigned_driver_id uuid, p_cargo_length_in integer, p_cargo_width_in integer, p_cargo_height_in integer, p_enclosed boolean, p_has_ramp boolean, p_has_dolly boolean, p_has_tie_downs boolean, p_weather_protection boolean",yes,security=invoker volatility=volatile
function,public,couranr_create_driver_profile,"p_user_id uuid, p_actor_user_id uuid, p_display_name text, p_contact_phone text, p_market text",yes,security=invoker volatility=volatile
function,public,couranr_create_merchant_customer,"p_business_account_id uuid, p_actor_user_id uuid, p_display_name text, p_email text, p_phone text, p_normalized_email text, p_normalized_phone text, p_payer_preference text, p_notes text",yes,security=invoker volatility=volatile
function,public,couranr_create_merchant_preset,"p_business_account_id uuid, p_actor_user_id uuid, p_name text, p_body jsonb, p_source_preset_id uuid",yes,security=invoker volatility=volatile
function,public,couranr_create_merchant_workspace,"p_owner_user_id uuid, p_idempotency_key text, p_name text, p_slug_base text, p_business_category text, p_pickup_address jsonb, p_contact_phone text, p_payer_default text, p_policies_version text",yes,security=invoker volatility=volatile
function,public,couranr_create_payment_obligation,"p_request_id uuid, p_business_account_id uuid, p_idempotency_key text",yes,security=invoker volatility=volatile
function,public,couranr_create_proof_upload,"p_delivery_id uuid, p_actor_user_id uuid, p_proof_stage text, p_proof_type text, p_storage_bucket text, p_object_path text, p_expected_mime text, p_expected_bytes integer, p_upload_nonce text, p_ttl_minutes integer",yes,security=invoker volatility=volatile
function,public,couranr_cv_kind_immutable,"",yes,security=invoker volatility=volatile
function,public,couranr_cv_participant_kind_allowed,"p_conversation_kind text, p_participant_kind text",yes,security=invoker volatility=immutable
function,public,couranr_cv_visibility_allowed,"p_conversation_kind text, p_visibility text",yes,security=invoker volatility=immutable
function,public,couranr_cvm_enforce_visibility,"",yes,security=invoker volatility=volatile
function,public,couranr_cvp_enforce_kind,"",yes,security=invoker volatility=volatile
function,public,couranr_cvp_tenure_monotone,"",yes,security=invoker volatility=volatile
function,public,couranr_deactivate_driver,"p_driver_id uuid, p_expected_version integer, p_actor_user_id uuid",yes,security=invoker volatility=volatile
function,public,couranr_decide_activation,"p_business_account_id uuid, p_actor_user_id uuid, p_grant boolean, p_blocked_reason_code text",yes,security=invoker volatility=volatile
function,public,couranr_decline_delivery_request,"p_request_id uuid, p_business_account_id uuid, p_expected_version integer, p_actor_user_id uuid, p_decline_reason text, p_internal_note text",yes,security=invoker volatility=volatile
function,public,couranr_disable_member,"p_business_account_id uuid, p_actor_user_id uuid, p_member_id uuid",yes,security=invoker volatility=volatile
function,public,couranr_driver_assignment_for,"p_delivery_id uuid, p_actor_user_id uuid",yes,security=invoker volatility=volatile
function,public,couranr_driver_completion_receipt,"p_actor_user_id uuid",yes,security=invoker volatility=volatile
function,public,couranr_duplicate_merchant_preset,"p_business_account_id uuid, p_actor_user_id uuid, p_preset_id uuid, p_new_name text",yes,security=invoker volatility=volatile
function,public,couranr_fail_payment_capture,"p_obligation_id uuid, p_provider_event_id text, p_reason text",yes,security=invoker volatility=volatile
function,public,couranr_finalize_proof_upload,"p_upload_id uuid, p_actor_user_id uuid, p_actual_path text, p_actual_bytes integer, p_actual_mime text, p_latitude numeric, p_longitude numeric, p_accuracy_m numeric, p_discrepancy_id uuid, p_metadata jsonb",yes,security=invoker volatility=volatile
function,public,couranr_find_user_id_by_email,"p_email text",yes,security=definer volatility=stable
function,public,couranr_finish_delivered,"p_delivery_id uuid, p_expected_version integer, p_actor_user_id uuid, p_assignment_id uuid, p_command text, p_metadata jsonb",yes,security=invoker volatility=volatile
function,public,couranr_help_post_message,"p_token_id uuid, p_body text, p_topic text, p_idempotency_key text",yes,security=definer volatility=volatile
function,public,couranr_help_thread,"p_token_id uuid",yes,security=definer volatility=stable
function,public,couranr_invite_member,"p_business_account_id uuid, p_actor_user_id uuid, p_invited_user_id uuid, p_invited_email text, p_role text",yes,security=invoker volatility=volatile
function,public,couranr_is_within_operating_hours,"p_at timestamp with time zone",yes,security=invoker volatility=stable
function,public,couranr_issue_delivery_access_token,"p_request_id uuid, p_token_hash text, p_ttl_days integer",yes,security=invoker volatility=volatile
function,public,couranr_issue_handoff_code,"p_delivery_id uuid, p_code_kind text, p_code_digest text, p_actor_user_id uuid, p_ttl_minutes integer",yes,security=invoker volatility=volatile
function,public,couranr_issue_help_token,"p_delivery_id uuid, p_token_hash text, p_ttl_days integer",yes,security=definer volatility=volatile
function,public,couranr_issue_payment_access_token,"p_request_id uuid, p_obligation_id uuid, p_token_hash text, p_ttl_days integer",yes,security=invoker volatility=volatile
function,public,couranr_jsonb_audit_shape_ok,"p_doc jsonb, p_keys text[], p_max_len integer",yes,security=invoker volatility=immutable
function,public,couranr_jsonb_has_no_key,"p_doc jsonb, p_keys text[]",yes,security=invoker volatility=immutable
function,public,couranr_lock_activation,"p_business_account_id uuid",yes,security=invoker volatility=volatile
function,public,couranr_lock_and_count_active_owners,"p_business_account_id uuid",yes,security=invoker volatility=volatile
function,public,couranr_mark_delivery_not_ready,"p_request_id uuid, p_business_account_id uuid, p_expected_version integer, p_actor_user_id uuid",yes,security=invoker volatility=volatile
function,public,couranr_mark_delivery_ready,"p_request_id uuid, p_business_account_id uuid, p_expected_version integer, p_actor_user_id uuid",yes,security=invoker volatility=volatile
function,public,couranr_mark_delivery_unavailable,"p_request_id uuid, p_business_account_id uuid, p_expected_version integer, p_actor_user_id uuid",yes,security=invoker volatility=volatile
function,public,couranr_mark_driver_available,"p_driver_id uuid, p_expected_version integer, p_actor_user_id uuid",yes,security=invoker volatility=volatile
function,public,couranr_mark_driver_unavailable,"p_driver_id uuid, p_expected_version integer, p_actor_user_id uuid",yes,security=invoker volatility=volatile
function,public,couranr_mark_vehicle_available,"p_vehicle_id uuid, p_expected_version integer, p_actor_user_id uuid",yes,security=invoker volatility=volatile
function,public,couranr_mark_vehicle_unavailable,"p_vehicle_id uuid, p_expected_version integer, p_actor_user_id uuid",yes,security=invoker volatility=volatile
function,public,couranr_next_operating_period_start,"p_at timestamp with time zone",yes,security=invoker volatility=stable
function,public,couranr_operating_minutes_between,"p_start timestamp with time zone, p_end timestamp with time zone",yes,security=invoker volatility=stable
function,public,couranr_operating_timezone,"",yes,security=invoker volatility=immutable
function,public,couranr_preset_body_is_clean,"p_body jsonb",yes,security=invoker volatility=immutable
function,public,couranr_reactivate_member,"p_business_account_id uuid, p_actor_user_id uuid, p_member_id uuid",yes,security=invoker volatility=volatile
function,public,couranr_record_test_delivery,"p_business_account_id uuid, p_actor_user_id uuid, p_request_id uuid",yes,security=invoker volatility=volatile
function,public,couranr_redeem_delivery_access_token,"p_token_hash text",yes,security=invoker volatility=volatile
function,public,couranr_redeem_help_token,"p_token_hash text",yes,security=definer volatility=volatile
function,public,couranr_redeem_payment_access_token,"p_token_hash text",yes,security=invoker volatility=volatile
function,public,couranr_release_assignment_resources,"p_driver_id uuid, p_vehicle_id uuid",yes,security=invoker volatility=volatile
function,public,couranr_replace_delivery_assignment,"p_delivery_id uuid, p_expected_assignment_version integer, p_actor_user_id uuid, p_driver_id uuid, p_vehicle_id uuid, p_reason text, p_idempotency_key text",yes,security=invoker volatility=volatile
function,public,couranr_report_pickup_discrepancy,"p_delivery_id uuid, p_actor_user_id uuid, p_reason text, p_notes text",yes,security=invoker volatility=volatile
function,public,couranr_request_activation,"p_business_account_id uuid, p_actor_user_id uuid, p_required_acks jsonb",yes,security=invoker volatility=volatile
function,public,couranr_require_active_member,"p_business_account_id uuid, p_actor_user_id uuid",yes,security=invoker volatility=volatile
function,public,couranr_require_preset_manager,"p_business_account_id uuid, p_actor_user_id uuid",yes,security=invoker volatility=volatile
function,public,couranr_requote_delivery_request,"p_request_id uuid, p_business_account_id uuid, p_expected_version integer, p_actor_user_id uuid, p_pricing_policy_version text, p_delivery_subtotal_cents integer, p_included_loaded_miles integer, p_billable_loaded_miles numeric, p_quote_line_items jsonb, p_requote_reason text",yes,security=invoker volatility=volatile
function,public,couranr_resolve_pickup_discrepancy_safe_to_continue,"p_discrepancy_id uuid, p_expected_version integer, p_actor_user_id uuid, p_note text",yes,security=invoker volatility=volatile
function,public,couranr_resolve_terminal_capture_failure,"p_obligation_id uuid, p_provider_event_id text, p_payment_intent_id text, p_intent_status text, p_amount integer, p_currency text, p_failure_code text",yes,security=invoker volatility=volatile
function,public,couranr_revoke_delivery_access_tokens,"p_request_id uuid, p_reason text",yes,security=invoker volatility=volatile
function,public,couranr_revoke_payment_access_tokens,"p_request_id uuid, p_reason text",yes,security=invoker volatility=volatile
function,public,couranr_save_website_tool_config,"p_business_account_id uuid, p_actor_user_id uuid, p_status text, p_embed_label text, p_embed_color text, p_embed_width integer, p_embed_variant text",yes,security=invoker volatility=volatile
function,public,couranr_set_business_categories,"p_business_account_id uuid, p_actor_user_id uuid, p_primary text, p_secondary text[], p_registry_version text",yes,security=invoker volatility=volatile
function,public,couranr_set_customer_archived,"p_business_account_id uuid, p_actor_user_id uuid, p_customer_id uuid, p_archived boolean",yes,security=invoker volatility=volatile
function,public,couranr_set_merchant_preset_archived,"p_business_account_id uuid, p_actor_user_id uuid, p_preset_id uuid, p_archived boolean",yes,security=invoker volatility=volatile
function,public,couranr_start_route_to_dropoff,"p_delivery_id uuid, p_expected_version integer, p_actor_user_id uuid",yes,security=invoker volatility=volatile
function,public,couranr_start_route_to_pickup,"p_delivery_id uuid, p_expected_version integer, p_actor_user_id uuid",yes,security=invoker volatility=volatile
function,public,couranr_submit_delivery_request,"p_request_id uuid, p_business_account_id uuid, p_expected_version integer, p_actor_user_id uuid, p_quote_status text, p_pricing_policy_version text, p_delivery_subtotal_cents integer, p_included_loaded_miles integer, p_billable_loaded_miles numeric, p_quote_line_items jsonb, p_review_reasons jsonb, p_merchant_acknowledged boolean",yes,security=invoker volatility=volatile
function,public,couranr_suspend_driver,"p_driver_id uuid, p_expected_version integer, p_actor_user_id uuid",yes,security=invoker volatility=volatile
function,public,couranr_text_array_is_distinct,"p_values text[]",yes,security=invoker volatility=immutable
function,public,couranr_unassign_delivery_before_pickup,"p_delivery_id uuid, p_expected_version integer, p_actor_user_id uuid, p_reason text",yes,security=invoker volatility=volatile
function,public,couranr_update_dispatch_vehicle,"p_vehicle_id uuid, p_expected_version integer, p_actor_user_id uuid, p_name text, p_payload_capacity_lb integer, p_active boolean, p_availability_state text",yes,security=invoker volatility=volatile
function,public,couranr_update_merchant_customer,"p_business_account_id uuid, p_actor_user_id uuid, p_customer_id uuid, p_expected_version integer, p_display_name text, p_email text, p_phone text, p_normalized_email text, p_normalized_phone text, p_payer_preference text, p_notes text",yes,security=invoker volatility=volatile
function,public,couranr_update_merchant_preset,"p_business_account_id uuid, p_actor_user_id uuid, p_preset_id uuid, p_name text, p_body jsonb, p_expected_version integer",yes,security=invoker volatility=volatile
function,public,couranr_update_workspace_profile,"p_business_account_id uuid, p_actor_user_id uuid, p_name text, p_business_category text, p_pickup_address jsonb, p_contact_phone text, p_payer_default text",yes,security=invoker volatility=volatile
function,public,couranr_vehicle_class_rank,"p_class text",yes,security=invoker volatility=immutable
function,public,couranr_vehicle_incompatibility,"p_vehicle_id uuid, p_driver_id uuid, p_requirement jsonb",yes,security=invoker volatility=stable
function,public,couranr_verify_activation_contact,"p_business_account_id uuid, p_actor_user_id uuid",yes,security=invoker volatility=volatile
function,public,couranr_verify_handoff_code,"p_delivery_id uuid, p_code_kind text, p_code_digest text, p_actor_user_id uuid",yes,security=invoker volatility=volatile
index,public,couranr_aa_once_key,couranr_activation_acknowledgements,yes,unique=t
index,public,couranr_actev_business_idx,couranr_activation_events,yes,unique=f
index,public,couranr_activation_acknowledgements_pkey,couranr_activation_acknowledgements,yes,unique=t
index,public,couranr_activation_events_pkey,couranr_activation_events,yes,unique=t
index,public,couranr_ae_delivery_idx,couranr_assignment_events,yes,unique=f
index,public,couranr_asg_delivery_idx,couranr_delivery_assignments,yes,unique=f
index,public,couranr_asg_idempotency_uniq,couranr_delivery_assignments,yes,unique=t
index,public,couranr_asg_one_active_per_delivery,couranr_delivery_assignments,yes,unique=t
index,public,couranr_asg_one_active_per_driver,couranr_delivery_assignments,yes,unique=t
index,public,couranr_assignment_events_pkey,couranr_assignment_events,yes,unique=t
index,public,couranr_category_presets_pkey,couranr_category_presets,yes,unique=t
index,public,couranr_conversation_events_pkey,couranr_conversation_events,yes,unique=t
index,public,couranr_conversation_messages_pkey,couranr_conversation_messages,yes,unique=t
index,public,couranr_conversation_participants_pkey,couranr_conversation_participants,yes,unique=t
index,public,couranr_conversations_pkey,couranr_conversations,yes,unique=t
index,public,couranr_cp_category_idx,couranr_category_presets,yes,unique=f
index,public,couranr_cv_business_idx,couranr_conversations,yes,unique=f
index,public,couranr_cv_due_idx,couranr_conversations,yes,unique=f
index,public,couranr_cv_one_thread_per_delivery_kind,couranr_conversations,yes,unique=t
index,public,couranr_cve_thread_idx,couranr_conversation_events,yes,unique=f
index,public,couranr_cvm_idempotency_uniq,couranr_conversation_messages,yes,unique=t
index,public,couranr_cvm_thread_idx,couranr_conversation_messages,yes,unique=f
index,public,couranr_cvp_id_conv_uniq,couranr_conversation_participants,yes,unique=t
index,public,couranr_cvp_live_token_uniq,couranr_conversation_participants,yes,unique=t
index,public,couranr_cvp_live_user_uniq,couranr_conversation_participants,yes,unique=t
index,public,couranr_cvp_lookup_idx,couranr_conversation_participants,yes,unique=f
index,public,couranr_dat_hash_uniq,couranr_delivery_access_tokens,yes,unique=t
index,public,couranr_dat_request_idx,couranr_delivery_access_tokens,yes,unique=f
index,public,couranr_deliveries_pkey,couranr_deliveries,yes,unique=t
index,public,couranr_delivery_access_tokens_pkey,couranr_delivery_access_tokens,yes,unique=t
index,public,couranr_delivery_assignments_pkey,couranr_delivery_assignments,yes,unique=t
index,public,couranr_delivery_events_pkey,couranr_delivery_events,yes,unique=t
index,public,couranr_delivery_proofs_pkey,couranr_delivery_proofs,yes,unique=t
index,public,couranr_delivery_request_events_pkey,couranr_delivery_request_events,yes,unique=t
index,public,couranr_delivery_requests_idempotency_uniq,couranr_delivery_requests,yes,unique=t
index,public,couranr_delivery_requests_pkey,couranr_delivery_requests,yes,unique=t
index,public,couranr_dispatch_vehicles_pkey,couranr_dispatch_vehicles,yes,unique=t
index,public,couranr_dlv_business_idx,couranr_deliveries,yes,unique=f
index,public,couranr_dlv_request_uniq,couranr_deliveries,yes,unique=t
index,public,couranr_dlv_state_idx,couranr_deliveries,yes,unique=f
index,public,couranr_dlve_delivery_idx,couranr_delivery_events,yes,unique=f
index,public,couranr_dp_assignment_idx,couranr_delivery_proofs,yes,unique=f
index,public,couranr_dp_delivery_idx,couranr_delivery_proofs,yes,unique=f
index,public,couranr_dr_business_created_idx,couranr_delivery_requests,yes,unique=f
index,public,couranr_dr_created_by_idx,couranr_delivery_requests,yes,unique=f
index,public,couranr_dr_request_updated_idx,couranr_delivery_requests,yes,unique=f
index,public,couranr_dr_review_submitted_idx,couranr_delivery_requests,yes,unique=f
index,public,couranr_dre_request_created_idx,couranr_delivery_request_events,yes,unique=f
index,public,couranr_drivers_pkey,couranr_drivers,yes,unique=t
index,public,couranr_drv_user_uniq,couranr_drivers,yes,unique=t
index,public,couranr_handoff_codes_pkey,couranr_handoff_codes,yes,unique=t
index,public,couranr_handoff_records_pkey,couranr_handoff_records,yes,unique=t
index,public,couranr_hat_delivery_idx,couranr_help_access_tokens,yes,unique=f
index,public,couranr_hat_hash_uniq,couranr_help_access_tokens,yes,unique=t
index,public,couranr_hc_delivery_idx,couranr_handoff_codes,yes,unique=f
index,public,couranr_hc_generation_uniq,couranr_handoff_codes,yes,unique=t
index,public,couranr_hc_one_active_per_kind,couranr_handoff_codes,yes,unique=t
index,public,couranr_help_access_tokens_pkey,couranr_help_access_tokens,yes,unique=t
index,public,couranr_hr_one_per_stage,couranr_handoff_records,yes,unique=t
index,public,couranr_merchant_preset_versions_pkey,couranr_merchant_preset_versions,yes,unique=t
index,public,couranr_merchant_presets_pkey,couranr_merchant_presets,yes,unique=t
index,public,couranr_merchant_workspaces_pkey,couranr_merchant_workspaces,yes,unique=t
index,public,couranr_mp_business_idx,couranr_merchant_presets,yes,unique=f
index,public,couranr_mp_name_uniq,couranr_merchant_presets,yes,unique=t
index,public,couranr_mpv_preset_idx,couranr_merchant_preset_versions,yes,unique=f
index,public,couranr_mpv_uniq,couranr_merchant_preset_versions,yes,unique=t
index,public,couranr_mw_account_uniq,couranr_merchant_workspaces,yes,unique=t
index,public,couranr_mw_created_by_idx,couranr_merchant_workspaces,yes,unique=f
index,public,couranr_mw_idempotency_uniq,couranr_merchant_workspaces,yes,unique=t
index,public,couranr_pat_hash_uniq,couranr_payment_access_tokens,yes,unique=t
index,public,couranr_pat_request_idx,couranr_payment_access_tokens,yes,unique=f
index,public,couranr_payment_access_tokens_pkey,couranr_payment_access_tokens,yes,unique=t
index,public,couranr_payment_events_pkey,couranr_payment_events,yes,unique=t
index,public,couranr_payment_obligations_pkey,couranr_payment_obligations,yes,unique=t
index,public,couranr_pd_delivery_idx,couranr_pickup_discrepancies,yes,unique=f
index,public,couranr_pd_one_open_per_delivery,couranr_pickup_discrepancies,yes,unique=t
index,public,couranr_pe_obligation_created_idx,couranr_payment_events,yes,unique=f
index,public,couranr_pe_provider_event_uniq,couranr_payment_events,yes,unique=t
index,public,couranr_pickup_discrepancies_pkey,couranr_pickup_discrepancies,yes,unique=t
index,public,couranr_po_business_created_idx,couranr_payment_obligations,yes,unique=f
index,public,couranr_po_idempotency_uniq,couranr_payment_obligations,yes,unique=t
index,public,couranr_po_intent_uniq,couranr_payment_obligations,yes,unique=t
index,public,couranr_po_one_live_per_request,couranr_payment_obligations,yes,unique=t
index,public,couranr_po_state_idx,couranr_payment_obligations,yes,unique=f
index,public,couranr_proof_uploads_pkey,couranr_proof_uploads,yes,unique=t
index,public,couranr_pu_delivery_idx,couranr_proof_uploads,yes,unique=f
index,public,couranr_pu_nonce_uniq,couranr_proof_uploads,yes,unique=t
index,public,couranr_pu_object_path_uniq,couranr_proof_uploads,yes,unique=t
index,public,couranr_service_plans_pkey,couranr_service_plans,yes,unique=t
index,public,couranr_sp_business_idx,couranr_service_plans,yes,unique=f
index,public,couranr_sp_one_live_per_request,couranr_service_plans,yes,unique=t
index,public,couranr_te_business_idx,couranr_team_events,yes,unique=f
index,public,couranr_team_events_pkey,couranr_team_events,yes,unique=t
index,public,couranr_website_tool_configs_pkey,couranr_website_tool_configs,yes,unique=t
index,public,couranr_workspace_activations_pkey,couranr_workspace_activations,yes,unique=t
table,public,couranr_activation_acknowledgements,,yes,relrowsecurity=t
table,public,couranr_activation_events,,yes,relrowsecurity=t
table,public,couranr_assignment_events,,yes,relrowsecurity=t
table,public,couranr_category_presets,,yes,relrowsecurity=t
table,public,couranr_conversation_events,,yes,relrowsecurity=t
table,public,couranr_conversation_messages,,yes,relrowsecurity=t
table,public,couranr_conversation_participants,,yes,relrowsecurity=t
table,public,couranr_conversations,,yes,relrowsecurity=t
table,public,couranr_deliveries,,yes,relrowsecurity=t
table,public,couranr_delivery_access_tokens,,yes,relrowsecurity=t
table,public,couranr_delivery_assignments,,yes,relrowsecurity=t
table,public,couranr_delivery_events,,yes,relrowsecurity=t
table,public,couranr_delivery_proofs,,yes,relrowsecurity=t
table,public,couranr_delivery_request_events,,yes,relrowsecurity=t
table,public,couranr_delivery_requests,,yes,relrowsecurity=t
table,public,couranr_dispatch_vehicles,,yes,relrowsecurity=t
table,public,couranr_drivers,,yes,relrowsecurity=t
table,public,couranr_handoff_codes,,yes,relrowsecurity=t
table,public,couranr_handoff_records,,yes,relrowsecurity=t
table,public,couranr_help_access_tokens,,yes,relrowsecurity=t
table,public,couranr_merchant_preset_versions,,yes,relrowsecurity=t
table,public,couranr_merchant_presets,,yes,relrowsecurity=t
table,public,couranr_merchant_workspaces,,yes,relrowsecurity=t
table,public,couranr_payment_access_tokens,,yes,relrowsecurity=t
table,public,couranr_payment_events,,yes,relrowsecurity=t
table,public,couranr_payment_obligations,,yes,relrowsecurity=t
table,public,couranr_pickup_discrepancies,,yes,relrowsecurity=t
table,public,couranr_proof_uploads,,yes,relrowsecurity=t
table,public,couranr_service_plans,,yes,relrowsecurity=t
table,public,couranr_team_events,,yes,relrowsecurity=t
table,public,couranr_website_tool_configs,,yes,relrowsecurity=t
table,public,couranr_workspace_activations,,yes,relrowsecurity=t
trigger,public,couranr_cv_kind_immutable_trg,couranr_conversations,yes,
trigger,public,couranr_cvm_enforce_visibility_trg,couranr_conversation_messages,yes,
trigger,public,couranr_cvp_enforce_kind_trg,couranr_conversation_participants,yes,
trigger,public,couranr_cvp_tenure_monotone_trg,couranr_conversation_participants,yes,
