schema,function_name,signature,sha256_of_definition
private,couranr_begin_idempotent,"p_purpose text, p_actor_type text, p_actor_id uuid, p_key text, p_request_hash text, p_expires_at timestamp with time zone",59b2ce61351e427fa54beb761e382bcb8207fc9b6d6e8b1426c11cfd8fae4330
private,couranr_complete_idempotent,"p_record_id uuid, p_result_ref jsonb",798c90fa3da5451319128f7cb0814bda72291d70446e723546527724d8940680
public,couranr_accept_activation_ack,"p_business_account_id uuid, p_actor_user_id uuid, p_ack_kind text, p_ack_version text",0d3de5d6ee2499737a1c51340e5372d4478f4b9685081da8a48b8c6e08549b37
public,couranr_accept_delivery_request_as_quoted,"p_request_id uuid, p_business_account_id uuid, p_expected_version integer, p_actor_user_id uuid",ec8bc93c2a1a0c861aec83f7c44c93d2840ef3f1bf2d2b8eb7ee6889710ee43b
public,couranr_accept_member_invite,"p_business_account_id uuid, p_actor_user_id uuid",cd6331d69ee4f91d609714eda699e10dc6098bff4d25d9369577ec0523cfb4a5
public,couranr_activate_driver,"p_driver_id uuid, p_expected_version integer, p_actor_user_id uuid",d9db7bde14d2a295133a9acb2b2a914b8445b00229ecb25acf29688a0058cc12
public,couranr_add_customer_address,"p_business_account_id uuid, p_actor_user_id uuid, p_customer_id uuid, p_label text, p_address jsonb, p_instructions text",25970c1a1bb5f911526d38a3525776cf6cae6c1fbfb1a9c63812f9b57b4ab4d0
public,couranr_add_operating_minutes,"p_from timestamp with time zone, p_minutes integer",a43933337765bf9c752c1fbba4b1d2524f604cc0d5a78f2acf12b8b14d8192c9
public,couranr_adopt_preset_recommendation,"p_business_account_id uuid, p_actor_user_id uuid, p_preset_id uuid, p_expected_version integer",2be5bfaabf95b870499b4860abf3366801b8d9a1049750328318a37064d10111
public,couranr_apply_payment_intent_state,"p_provider_event_id text, p_event_type text, p_payment_intent_id text, p_intent_status text, p_amount integer, p_amount_capturable integer, p_currency text, p_metadata jsonb",99f7d1cb671407a8485a5d72ba5b84280a65fbc69eb08ede72b0a09aebe941b5
public,couranr_apply_readiness,"p_request_id uuid, p_business_account_id uuid, p_expected_version integer, p_actor_user_id uuid, p_command text, p_to text, p_from text[]",98f8549c5f5aae8fa90326f683b7d3bfedfec3cfae91a1b746b60e2371b3efa2
public,couranr_arrive_at_dropoff,"p_delivery_id uuid, p_expected_version integer, p_actor_user_id uuid, p_latitude numeric, p_longitude numeric, p_accuracy_m numeric",89181944a7800fd7ba170a6f300295dd7e6f53852f89b6cefe2d31692e71d808
public,couranr_arrive_at_pickup,"p_delivery_id uuid, p_expected_version integer, p_actor_user_id uuid, p_latitude numeric, p_longitude numeric, p_accuracy_m numeric",ac4e8347ae86e70bb7dd0ae95f793bdd061831b33e5508e006badbc298478472
public,couranr_assert_driver_mutable,"p_driver_id uuid",46a345bbbef62b9574e54cfc6c2b2124257619ca65e33f2bf16250870b5d4ff1
public,couranr_assert_dropoff_ready,"p_delivery_id uuid, p_actor_user_id uuid, p_proof_method text, p_latitude numeric, p_longitude numeric",d82e5fdaf50103b50c4d8065a2cfd7c776bdd5e72821a5039b3904c558dda2f2
public,couranr_assert_readiness_mutable,"p_request_id uuid",e044be6a253273dbc037bc5bbdad34ee3c638f24e269da9e5f3fcc3a3924fd94
public,couranr_assign_delivery,"p_delivery_id uuid, p_expected_version integer, p_actor_user_id uuid, p_driver_id uuid, p_vehicle_id uuid, p_idempotency_key text",278b643427652393d80e37474dd79c7700794b3d29ce27f09399642fe12ee5a4
public,couranr_attach_payment_intent,"p_obligation_id uuid, p_expected_version integer, p_payment_intent_id text",a2a70d4514a6ff5da09aaa839cf9b37c4f91ad2d1ce95311688397e17c81cb64
public,couranr_begin_delivery_preparation,"p_request_id uuid, p_business_account_id uuid, p_expected_version integer, p_actor_user_id uuid",3c2779c3a4ace1b62ab76b2396a0c3fbf7731245d86ccf62b53aabdd30aedd17
public,couranr_begin_delivery_request_review,"p_request_id uuid, p_business_account_id uuid, p_expected_version integer, p_actor_user_id uuid",44ac911a485615fbba4b56890ec15ea7252729f12e6cee0e7168d8293d5e5e5a
public,couranr_begin_payment_capture,"p_request_id uuid, p_actor_user_id uuid",357d4833a7dbcea397b614b95d7334d349ba50f8fffc50422f876aa1bd3d5c0c
public,couranr_begin_payment_release,"p_obligation_id uuid, p_actor_user_id uuid, p_expected_version integer, p_reason text",c0a6d286d5672028505eb8d23eedc778a7cccd51cd1cab6c6bdc718742eb2850
public,couranr_calculate_delivery_request_estimate,"p_request_id uuid, p_business_account_id uuid, p_expected_version integer, p_actor_user_id uuid, p_update_shipment boolean, p_source text, p_readiness_state text, p_payer_type text, p_recipient_name text, p_recipient_phone text, p_recipient_email text, p_loaded_miles numeric, p_weight_lb numeric, p_additional_stops integer, p_service_level text, p_signature_required boolean, p_proof_method text, p_pickup_address jsonb, p_dropoff_address jsonb, p_overnight_requested boolean, p_quote_status text, p_pricing_policy_version text, p_delivery_subtotal_cents integer, p_included_loaded_miles integer, p_billable_loaded_miles numeric, p_quote_line_items jsonb, p_review_reasons jsonb",ee16aa4f2970c1a7b3a5d89b533f494c7815dcd9513e90cc3646b513ec9ba89f
public,couranr_cancel_service_plan,"p_request_id uuid, p_reason text",751e422f79339596a680fb1b95483d1a3f08bb5260b61d64ba3cb83fbfc2a6ae
public,couranr_change_member_role,"p_business_account_id uuid, p_actor_user_id uuid, p_member_id uuid, p_to_role text",6f53a9e01cf7002056de115f3f33fecd2cbea5897b748bcf8cdf0d5b86e7c145
public,couranr_complete_direct_handoff_delivery,"p_delivery_id uuid, p_expected_version integer, p_actor_user_id uuid, p_recipient_first_name text, p_latitude numeric, p_longitude numeric, p_accuracy_m numeric",c95beb09fc2fe156eb6a5e302586396ce42f0d7c701c9167cf0d3bd50621a0bb
public,couranr_complete_leave_at_door_delivery,"p_delivery_id uuid, p_expected_version integer, p_actor_user_id uuid, p_safe_location boolean, p_weather_suitable boolean, p_latitude numeric, p_longitude numeric, p_accuracy_m numeric",cd458e40deb59bd27070507df56acd9a52dbc16aae98d36da2d66fa1a604b87d
public,couranr_complete_payment_capture,"p_obligation_id uuid, p_provider_event_id text, p_payment_intent_id text, p_intent_status text, p_amount_received integer, p_currency text",bc960b64040b97b28f294e7b8c2b986ef3f1b5c5a47a13a5a43d6175a4d3805c
public,couranr_complete_payment_release,"p_obligation_id uuid, p_payment_intent_id text, p_intent_status text",11a8e96a43deddbd8360635069478b77f63bbe780512e657afb3ba9cb4f1c2c7
public,couranr_complete_pickup,"p_delivery_id uuid, p_expected_version integer, p_actor_user_id uuid, p_observed_package_count integer, p_staff_first_name text, p_confirmed_vehicle_id uuid, p_latitude numeric, p_longitude numeric, p_accuracy_m numeric, p_dimensions jsonb, p_loading_participants text, p_loading_equipment text, p_existing_damage text, p_driver_acknowledged boolean",1dcc179f1d26c43c9c00ad8fb0418f14a11384bd762ec076a400f23fbaaf8c16
public,couranr_complete_signature_delivery,"p_delivery_id uuid, p_expected_version integer, p_actor_user_id uuid, p_signer_first_name text, p_latitude numeric, p_longitude numeric, p_accuracy_m numeric",68e7d51cd2afc0b5ae152cd76de6416ca2445765a24c704653e61ce210b74629
public,couranr_confirm_service_plan,"p_request_id uuid, p_expected_version integer, p_actor_user_id uuid, p_pickup_start timestamp with time zone, p_pickup_end timestamp with time zone, p_timezone text, p_vehicle_id uuid, p_vehicle_requirement jsonb",01c99b8d4ccf08748fc6578d21e27fbddefa3c28c3ad8883b7edba2d912a20b8
public,couranr_conversation_thread,"p_conversation_id uuid, p_viewer_user_id uuid",c02a51041b44d87dc780a09bc8993d0c0a677efeee4e26d98d7ebcf4a4c8f5e5
public,couranr_create_delivery_from_capture,"p_request_id uuid",f8896080ad7f3cb47d84cd2b6800578192cd85aa327997d8fd680c9660e70944
public,couranr_create_delivery_request_draft,"p_business_account_id uuid, p_created_by uuid, p_idempotency_key text, p_source text, p_readiness_state text, p_payer_type text, p_recipient_name text, p_recipient_phone text, p_recipient_email text, p_loaded_miles numeric, p_weight_lb numeric, p_additional_stops integer, p_service_level text, p_signature_required boolean, p_proof_method text, p_pickup_address jsonb, p_dropoff_address jsonb, p_overnight_requested boolean, p_quote_status text, p_pricing_policy_version text, p_delivery_subtotal_cents integer, p_included_loaded_miles integer, p_billable_loaded_miles numeric, p_quote_line_items jsonb, p_review_reasons jsonb",51211ee86fdc4d3b8ad71d3acba01bb35c6ffb37a992cff01eaba3f5ecc1fe75
public,couranr_create_dispatch_vehicle,"p_actor_user_id uuid, p_name text, p_vehicle_class text, p_payload_capacity_lb integer, p_assigned_driver_id uuid, p_cargo_length_in integer, p_cargo_width_in integer, p_cargo_height_in integer, p_enclosed boolean, p_has_ramp boolean, p_has_dolly boolean, p_has_tie_downs boolean, p_weather_protection boolean",0afe790cf1ccd3d3a1aae6875afbedb214bdf42f6545c73bde848ecd084799c4
public,couranr_create_driver_profile,"p_user_id uuid, p_actor_user_id uuid, p_display_name text, p_contact_phone text, p_market text",9b3574933d7e014da1cce96a2e3b477224e1f1e997f0b9273b0230fc3c04245d
public,couranr_create_merchant_customer,"p_business_account_id uuid, p_actor_user_id uuid, p_display_name text, p_email text, p_phone text, p_normalized_email text, p_normalized_phone text, p_payer_preference text, p_notes text",96aac7ee94eec436574bcf71a5755ebef5d36f45613743b922a0cf747d771c23
public,couranr_create_merchant_preset,"p_business_account_id uuid, p_actor_user_id uuid, p_name text, p_body jsonb, p_source_preset_id uuid",4d33c93bd7ce179a5512d8c6aa25a3dedb8f3607dc1a677ed138f6e002f9284c
public,couranr_create_merchant_workspace,"p_owner_user_id uuid, p_idempotency_key text, p_name text, p_slug_base text, p_business_category text, p_pickup_address jsonb, p_contact_phone text, p_payer_default text, p_policies_version text",b1136b1e7432e418aa025e0fc97f8c0082563eeacd6448bf3e2f4a9f4acb4bb3
public,couranr_create_payment_obligation,"p_request_id uuid, p_business_account_id uuid, p_idempotency_key text",46fbf179c924489fb8978ebfd5a94607f7ea5ed5c7dea1d81d8846600b1f05bf
public,couranr_create_proof_upload,"p_delivery_id uuid, p_actor_user_id uuid, p_proof_stage text, p_proof_type text, p_storage_bucket text, p_object_path text, p_expected_mime text, p_expected_bytes integer, p_upload_nonce text, p_ttl_minutes integer",c321d0eb6d69ec58b04fc0f67663ecb7c58d59e44ece96dc2461031211c13e4b
public,couranr_cv_kind_immutable,"",8c1131510b1a97b0dc7ed7001624c299f42b4a286bd2278ba2ec42fba6a242ad
public,couranr_cv_participant_kind_allowed,"p_conversation_kind text, p_participant_kind text",8781ed1632a18a412a24f8e2c97c1ad908adb69a68d18829aade6c0a4307bded
public,couranr_cv_visibility_allowed,"p_conversation_kind text, p_visibility text",f12fe8b4c1931a4d181e5c4b4faf7e4b00e2fdd5213f0a9b4a4c6cb3bae93f97
public,couranr_cvm_enforce_visibility,"",37cb629195d9418d860f98f78041f486d4ef24c1ffae661096679620ee68f86c
public,couranr_cvp_enforce_kind,"",8034b3d68fbb20c009210891d2a0e9bf1a6132a9a6883b7fae4739793f3c7c74
public,couranr_cvp_tenure_monotone,"",f105c6779ad4d4bf20b634f341d63d24d58cf2043c6a94d33728923a169fcfca
public,couranr_deactivate_driver,"p_driver_id uuid, p_expected_version integer, p_actor_user_id uuid",889a94e2663419cd983be62ab8c7ab305dac4c333168f4a093ec11d9cb063542
public,couranr_decide_activation,"p_business_account_id uuid, p_actor_user_id uuid, p_grant boolean, p_blocked_reason_code text",831e3b4b5add738c3c43b91f8931c2734eaa3a9b9279f7688b6b33d339c254a4
public,couranr_decline_delivery_request,"p_request_id uuid, p_business_account_id uuid, p_expected_version integer, p_actor_user_id uuid, p_decline_reason text, p_internal_note text",801986be57eb9995329de10d600e5482e8ff5ab0218014ace9128399694a70e2
public,couranr_disable_member,"p_business_account_id uuid, p_actor_user_id uuid, p_member_id uuid",31a58c7634a5bea2318042ea5dc148242727fd15a72fd2cd8ec9f3491267b428
public,couranr_driver_assignment_for,"p_delivery_id uuid, p_actor_user_id uuid",5b41a28939e21d4d285efb189fc2554f14a477ec4e798221980284bd2897e6f9
public,couranr_driver_completion_receipt,"p_actor_user_id uuid",25dfac76cf1f06eff702bd4a11eb10143dcb38f39dbe85d50842b2417a91fea0
public,couranr_duplicate_merchant_preset,"p_business_account_id uuid, p_actor_user_id uuid, p_preset_id uuid, p_new_name text",f13a9b61bf134a0bfcd6385c973589c75e3316e34de38785c4004a821ca94838
public,couranr_fail_payment_capture,"p_obligation_id uuid, p_provider_event_id text, p_reason text",68d4d7a0c17b354590ea0c8f4b118023c133b25acf652839203538869114f79f
public,couranr_finalize_proof_upload,"p_upload_id uuid, p_actor_user_id uuid, p_actual_path text, p_actual_bytes integer, p_actual_mime text, p_latitude numeric, p_longitude numeric, p_accuracy_m numeric, p_discrepancy_id uuid, p_metadata jsonb",2ebd317e96fb5ea044db7540c0e6a6a1edf446227463e05b6c7b8938eeb64e86
public,couranr_find_user_id_by_email,"p_email text",237eacb2fd0cbe72ca106ee2e79201fe00cce1a523ae8d8765a183d82c71a745
public,couranr_finish_delivered,"p_delivery_id uuid, p_expected_version integer, p_actor_user_id uuid, p_assignment_id uuid, p_command text, p_metadata jsonb",ba981a665ca867cd50eee4964e728b186f06d068104b57232705fcc4e2f577b3
public,couranr_help_post_message,"p_token_id uuid, p_body text, p_topic text, p_idempotency_key text",3d4d784507c51057306799b34ee18c067c2a1b1a62b6b8faac2854879ef5d54c
public,couranr_help_thread,"p_token_id uuid",42bdeace5ed56ab79bcd6a5982a686ab183303ea0e3fcc0db260ea7611f3ffbb
public,couranr_invite_member,"p_business_account_id uuid, p_actor_user_id uuid, p_invited_user_id uuid, p_invited_email text, p_role text",c58090aa43eb0abd38f15149df093c281f79c38cf48f2c327bfaeb3c0f4f496a
public,couranr_is_within_operating_hours,"p_at timestamp with time zone",b0ba630a1e654e70926e6bc54046456fa555804dc36db886dbf261c503157242
public,couranr_issue_delivery_access_token,"p_request_id uuid, p_token_hash text, p_ttl_days integer",435aee48348f443f8370b7580e1054bec6c5990568bb9c3b6ee8dc0b75b87e7d
public,couranr_issue_handoff_code,"p_delivery_id uuid, p_code_kind text, p_code_digest text, p_actor_user_id uuid, p_ttl_minutes integer",8ae73a1d3c88dbe04188246d6b52b9c1a90b44b3f704038deb715165f6406c76
public,couranr_issue_help_token,"p_delivery_id uuid, p_token_hash text, p_ttl_days integer",e871f6768fa278090799b87929500b145ee011e49f014d9437d463dd78ed322e
public,couranr_issue_payment_access_token,"p_request_id uuid, p_obligation_id uuid, p_token_hash text, p_ttl_days integer",1cb914b7d61885a294b0bb80e6a95dda66bf22e1da95666a5bce2c1bc6e843b9
public,couranr_jsonb_audit_shape_ok,"p_doc jsonb, p_keys text[], p_max_len integer",333646f8a0e58a228a39f2de2ca353232d7bffeff112394b8cd8236030740190
public,couranr_jsonb_has_no_key,"p_doc jsonb, p_keys text[]",6607065cd949e72892235b93a665ee018ba5f6e7c0a8a2445e7de947c8d05c44
public,couranr_lock_activation,"p_business_account_id uuid",6eb6f52665931953f6af926817069bae7ada546029d063b1663ab3299f38feb3
public,couranr_lock_and_count_active_owners,"p_business_account_id uuid",696d2def94c90b4605c00e3f988903dce6a9e7f07a12b50d458df3c4b2d389ae
public,couranr_mark_delivery_not_ready,"p_request_id uuid, p_business_account_id uuid, p_expected_version integer, p_actor_user_id uuid",6c7d803040a2fbf89054221e131aa92a1c4841e93d3ed460ef7a5bba0d23892b
public,couranr_mark_delivery_ready,"p_request_id uuid, p_business_account_id uuid, p_expected_version integer, p_actor_user_id uuid",d2cf8c08a68e31bba635546d06a16632064afeae5cf64263f0df37ba4a0f633f
public,couranr_mark_delivery_unavailable,"p_request_id uuid, p_business_account_id uuid, p_expected_version integer, p_actor_user_id uuid",d2606aa9035f1666e884a025574d0e979044f36b885c95369a549dc6864190da
public,couranr_mark_driver_available,"p_driver_id uuid, p_expected_version integer, p_actor_user_id uuid",eb478074ddc4f21b0ffde24c6242e2108144b17f72000f0349912694706bbbb8
public,couranr_mark_driver_unavailable,"p_driver_id uuid, p_expected_version integer, p_actor_user_id uuid",68191cb201aa727f49f805b5f22b883a89ee19a0242fa8413a3d8598837ddba4
public,couranr_mark_vehicle_available,"p_vehicle_id uuid, p_expected_version integer, p_actor_user_id uuid",739dcd453dc50d7173ec7d852b15e6d2884179263e793518106707731a285091
public,couranr_mark_vehicle_unavailable,"p_vehicle_id uuid, p_expected_version integer, p_actor_user_id uuid",9ab60bab45ed309e9fc210fb216949124f383b9bac6cf445fd43dadeeb10c665
public,couranr_next_operating_period_start,"p_at timestamp with time zone",154e36e3f925339f399c3d240858d5a023035ecea857462b5d7914c957b0c024
public,couranr_operating_minutes_between,"p_start timestamp with time zone, p_end timestamp with time zone",68c05965903a4213635454ab9356fccf0c9ce7ae75b6cfdc2135b0c0a39479a4
public,couranr_operating_timezone,"",8fb8dc05d4c3a0985fbe49dd492bd5181610195dd0f4101678d71c530febd9f6
public,couranr_preset_body_is_clean,"p_body jsonb",2342ac101bfa7c23746b1383244fad61071eff815dcc5b92d01df5820ccc145d
public,couranr_reactivate_member,"p_business_account_id uuid, p_actor_user_id uuid, p_member_id uuid",beb8df0691cebccbf5744670d40467a40d19cb2567ab354ad5f52589a3d413cb
public,couranr_record_test_delivery,"p_business_account_id uuid, p_actor_user_id uuid, p_request_id uuid",26df89eba5664594b9660e55afed3bc7daa3994a3868a5cfc8c8aa29c608f3c8
public,couranr_redeem_delivery_access_token,"p_token_hash text",4c4a0deac87296ae5a39b60d26cd89b218b11d0a1d734a4bd0c9d843c8c8f711
public,couranr_redeem_help_token,"p_token_hash text",5d88348979ccd547b5821d9a8b8f8d8f446027f0a7ce4a6661da0a05f1d2cb8e
public,couranr_redeem_payment_access_token,"p_token_hash text",e84c89ab8b089007a22bd34270480886c00d5cc8e20492606623baae7afdefdf
public,couranr_release_assignment_resources,"p_driver_id uuid, p_vehicle_id uuid",1e151e3be7be4aef50fd3cc58da1da872afe2b77a3c16232619e64104ddbfb12
public,couranr_replace_delivery_assignment,"p_delivery_id uuid, p_expected_assignment_version integer, p_actor_user_id uuid, p_driver_id uuid, p_vehicle_id uuid, p_reason text, p_idempotency_key text",8737d7c8dab088da52a84d670be5ff09a5819731fae43610c10c921489ee9251
public,couranr_report_pickup_discrepancy,"p_delivery_id uuid, p_actor_user_id uuid, p_reason text, p_notes text",e02675a20e8b70cc74a065999e2f0110840cb6c2033c098dd1c9bb9776ae7f06
public,couranr_request_activation,"p_business_account_id uuid, p_actor_user_id uuid, p_required_acks jsonb",b99f76412c24c2520f70b5b5c1ae676cac82937bf21d3fd6b9c60460eb7b2624
public,couranr_require_active_member,"p_business_account_id uuid, p_actor_user_id uuid",81af762b03bb910981aa015c2c7b7c13fa08a233ecf7167f8f94ac9ce124cfb4
public,couranr_require_preset_manager,"p_business_account_id uuid, p_actor_user_id uuid",255add61d876c1328e261c1483d098938129109cab4d209b3ab7e3e3149ebb72
public,couranr_requote_delivery_request,"p_request_id uuid, p_business_account_id uuid, p_expected_version integer, p_actor_user_id uuid, p_pricing_policy_version text, p_delivery_subtotal_cents integer, p_included_loaded_miles integer, p_billable_loaded_miles numeric, p_quote_line_items jsonb, p_requote_reason text",5e9eceaf9e5ef5a8e95cf3c07b56b0d3b7ededa15764ff1a71b92a13d9fe6492
public,couranr_resolve_pickup_discrepancy_safe_to_continue,"p_discrepancy_id uuid, p_expected_version integer, p_actor_user_id uuid, p_note text",25c4c324dc907238c88e67f58642597171e6eee880bbf8b0b9ecae275e2cebe6
public,couranr_resolve_terminal_capture_failure,"p_obligation_id uuid, p_provider_event_id text, p_payment_intent_id text, p_intent_status text, p_amount integer, p_currency text, p_failure_code text",ab7c9e1465e23dde93ecce129ff3bc6a98e9b6d105f8fa3d75b645de6fa770b6
public,couranr_revoke_delivery_access_tokens,"p_request_id uuid, p_reason text",005fb35f873f9a60c21eff92817888195f3331ea0ab292fac9694d79e8a60d7b
public,couranr_revoke_payment_access_tokens,"p_request_id uuid, p_reason text",5963fe6ce1dcee98cdcf70fb8e793ebfddc337cec73557fe19a6fa9e1cffa580
public,couranr_save_website_tool_config,"p_business_account_id uuid, p_actor_user_id uuid, p_status text, p_embed_label text, p_embed_color text, p_embed_width integer, p_embed_variant text",d67936a34adc76e961d770d5e4f6598890015468433be6c3f531099aeb3b4855
public,couranr_set_business_categories,"p_business_account_id uuid, p_actor_user_id uuid, p_primary text, p_secondary text[], p_registry_version text",a8fde8feab8e699ee4308c57c996f08e8d7bd7366e8a910944a7e3e602648526
public,couranr_set_customer_archived,"p_business_account_id uuid, p_actor_user_id uuid, p_customer_id uuid, p_archived boolean",6fdf8800b85c7071cacc5dbf91f31f6cb4054fc8935b8807238cf0a2ed333307
public,couranr_set_merchant_preset_archived,"p_business_account_id uuid, p_actor_user_id uuid, p_preset_id uuid, p_archived boolean",af167fdd93aaf58d8c45b93b978428200c93c6eab42a4de5f6449bde8a51b1ff
public,couranr_start_route_to_dropoff,"p_delivery_id uuid, p_expected_version integer, p_actor_user_id uuid",e672e72a898f036405ded46c1fa90537e6e41645efb047bec8dbec663777436b
public,couranr_start_route_to_pickup,"p_delivery_id uuid, p_expected_version integer, p_actor_user_id uuid",482d6cb5a27a57ef26802f375c1900dae98a309450a8db52bd64c30035649261
public,couranr_submit_delivery_request,"p_request_id uuid, p_business_account_id uuid, p_expected_version integer, p_actor_user_id uuid, p_quote_status text, p_pricing_policy_version text, p_delivery_subtotal_cents integer, p_included_loaded_miles integer, p_billable_loaded_miles numeric, p_quote_line_items jsonb, p_review_reasons jsonb, p_merchant_acknowledged boolean",6ab2d43a71aa818d56c6fb1389c21e3f6484ac39de7d9318ca60cc548fa08749
public,couranr_suspend_driver,"p_driver_id uuid, p_expected_version integer, p_actor_user_id uuid",01ed986a5cf8f86d65073f849ffe409dd981b3ffce4307e5c980b1db43211514
public,couranr_text_array_is_distinct,"p_values text[]",10cda17f73b748b7e1f5901d1f783de198ca5291c9cef3d2b4beb6f8367497e6
public,couranr_unassign_delivery_before_pickup,"p_delivery_id uuid, p_expected_version integer, p_actor_user_id uuid, p_reason text",598162657ee7b4ac8dff3b90f1482f4bd47cd0010d72711f896113ba16a3fca2
public,couranr_update_dispatch_vehicle,"p_vehicle_id uuid, p_expected_version integer, p_actor_user_id uuid, p_name text, p_payload_capacity_lb integer, p_active boolean, p_availability_state text",d688b45a4891130a56f8ffe9cbdc0fbf956c841bd7fbd2f0fe62822e1a85382f
public,couranr_update_merchant_customer,"p_business_account_id uuid, p_actor_user_id uuid, p_customer_id uuid, p_expected_version integer, p_display_name text, p_email text, p_phone text, p_normalized_email text, p_normalized_phone text, p_payer_preference text, p_notes text",4229a46d6252392e50ab52a14ac292237a22c2f603b850b7cdbb22ddfeb43cda
public,couranr_update_merchant_preset,"p_business_account_id uuid, p_actor_user_id uuid, p_preset_id uuid, p_name text, p_body jsonb, p_expected_version integer",3fdb2804e4c45c2c27cb2c2f8d97cdeef4bdb16ddae9b2f70a42c9cd253a9184
public,couranr_update_workspace_profile,"p_business_account_id uuid, p_actor_user_id uuid, p_name text, p_business_category text, p_pickup_address jsonb, p_contact_phone text, p_payer_default text",ff491133cb270bd3345361beb2ead5a7fafb714c158fad0747167a7de12de62d
public,couranr_vehicle_class_rank,"p_class text",df29b118ef5d8c7b3fcb69cda5598a7b6e3c54d97ec1e155986853775d4f0f82
public,couranr_vehicle_incompatibility,"p_vehicle_id uuid, p_driver_id uuid, p_requirement jsonb",2a6e2f4c764016923ec3fac029f561147f8eecd0f2437d9f9d13535868d4e77b
public,couranr_verify_activation_contact,"p_business_account_id uuid, p_actor_user_id uuid",8d4766f02313719f5c90a975e8614ad92b8ea89513a676e8fe002917e31275bc
public,couranr_verify_handoff_code,"p_delivery_id uuid, p_code_kind text, p_code_digest text, p_actor_user_id uuid",e02eca04ec2c322dc26c7429c53ea92a9cfcf97b348fdf0cee701896797c89fd
