region,current_source,current_rendered_treatment,canonical_mock_file,mock_treatment,classification,required_change,written_content_authority,intentional_deviation,evidence,notes
public-header,components/couranr/shell/shells.tsx PublicShell,64px white bar; wordmark left; flat text links centre; Sign in + gold primary right; drawer below 1024px,0E4F029F-22C3-4497-A00F-E355DCB3164D.png; 22D9363D-248B-41C0-8C4F-2D38CB3BF3D3.png,"Same silhouette and order. Two nav items carry dropdown chevrons (Delivery Options, Businesses). Mobile collapses to a hamburger with no visible auth actions.",RESTYLE,"Add the two dropdown affordances the artboard shows, or record their absence as an intentional deviation with the authority that removes them. Mobile currently keeps a visible primary CTA in the bar where the artboard shows only a hamburger.",UI_SCREEN_REGISTRY navigation set,,e2e/artifacts/pub001/,"Nav LABELS differ from the artboard (mock: 'How Couranr Works'; implementation: 'How it works'). Copy is written authority, geometry is the mock."
top-notice,app/(couranr)/(public)/page.tsx .cr-mkt-notice,"Bordered rounded notice box INSIDE the page content, below the header",0E4F029F-22C3-4497-A00F-E355DCB3164D.png; 22D9363D-248B-41C0-8C4F-2D38CB3BF3D3.png,"Full-bleed bar ABOVE the header, edge to edge. Cream on desktop, NAVY on mobile. Pin icon, one line, right-aligned 'View service areas' link.",REBUILD,Move above the header as a full-bleed bar; drop the rounded box; add the pin icon; right-align the link. Confirm the desktop/mobile colour difference is deliberate before reproducing it.,"MKT-001 markets sentence (verbatim, unchanged)",,e2e/artifacts/pub001/,"The bordered box is implementation-invented. The artboard shows a bar, not a notice card."
hero-photography,app/(couranr)/(public)/page.tsx <picture>,"Full-bleed photo, scrim, copy overlaid left; art-directed portrait source below 640px",0E4F029F-22C3-4497-A00F-E355DCB3164D.png; 22D9363D-248B-41C0-8C4F-2D38CB3BF3D3.png,"Full-bleed photo with the subject right of centre and a dark gradient over the left. Mobile uses a different, tighter crop of the same scene.",KEEP,,,,"e2e/artifacts/pub001/, VISUAL_AUTHORITY_REGISTRY.json photography records",Mock-supported. Art direction matches the artboard's own two crops.
hero-small-label,app/(couranr)/(public)/page.tsx .cr-hero__label,"Rounded bordered uppercase pill, white on the photo",0E4F029F-22C3-4497-A00F-E355DCB3164D.png; 22D9363D-248B-41C0-8C4F-2D38CB3BF3D3.png,Rounded bordered uppercase pill. Desktop white/translucent; mobile GOLD border with gold text. Reads DELIVERY MADE SIMPLE.,VERIFY,"Geometry is mock-supported and stays. The TEXT is an open owner decision: the artboard shows the approved tagline lockup, MKT-002 specifies a different hero eyebrow descriptor. Amendment 5.1 forbids resolving this by agent preference.",MKT-002 hero eyebrow copy,Copy follows written authority; geometry follows the mock,e2e/artifacts/pub001/,OWNER DECISION REQUIRED. Also unreproduced: the mobile gold treatment.
hero-headline,app/(couranr)/(public)/page.tsx h1.cr-type-hero,"Two-part headline, second clause in an accent span",0E4F029F-22C3-4497-A00F-E355DCB3164D.png; 22D9363D-248B-41C0-8C4F-2D38CB3BF3D3.png,"Two-part headline. Desktop: both parts white, second part on its own line at a slightly smaller size. Mobile: second part GOLD.",VERIFY,"Confirm the accent colour against both artboards — desktop shows white, mobile shows gold, and the implementation must not pick one and apply it to both.","MKT-002 hero headline, verbatim",Headline WORDS are MKT-002's and differ from the artboard's; written authority controls copy,e2e/artifacts/pub001/,Mock: 'Your customers order from you. / Couranr handles delivery.' MKT-002: 'Your customers want delivery. Now you can say yes.'
hero-supporting-copy,app/(couranr)/(public)/page.tsx .cr-hero__sub,"One paragraph under the headline, left aligned",0E4F029F-22C3-4497-A00F-E355DCB3164D.png; 22D9363D-248B-41C0-8C4F-2D38CB3BF3D3.png,"Same position and alignment, narrower measure",KEEP,,"MKT-002 supporting copy, verbatim",,e2e/artifacts/pub001/,
hero-cta,app/(couranr)/(public)/page.tsx .cr-hero__cta,"Gold primary + outline secondary, inline, wrapping on narrow",0E4F029F-22C3-4497-A00F-E355DCB3164D.png; 22D9363D-248B-41C0-8C4F-2D38CB3BF3D3.png,"Desktop: gold primary + outline secondary inline. Mobile: FULL-WIDTH STACKED, primary carries a right arrow, plus a STICKY BOTTOM CTA BAR pinned to the viewport.",REBUILD,"Reproduce the mobile treatment: full-width stacked buttons, and the sticky bottom CTA bar, which the implementation does not have at all.",MKT-002 primary/secondary CTA labels,,e2e/artifacts/pub001/,"The sticky mobile CTA bar is a missing mock-supported object, not an invented one."
hero-trust,app/(couranr)/(public)/page.tsx .cr-hero__trust,"Three items, outlined circular icons, one row wrapping",0E4F029F-22C3-4497-A00F-E355DCB3164D.png; 22D9363D-248B-41C0-8C4F-2D38CB3BF3D3.png,"Three items, outlined circular icons. Desktop white outline; mobile GOLD outline.",KEEP,Optionally reproduce the mobile gold icon treatment.,"MKT-002 trust line, split across three items",,e2e/artifacts/pub001/,Icon circles are MOCK-SUPPORTED. The earlier recovery document listed them as invented; the pixels disagree.
pickup-problem,app/(couranr)/(public)/page.tsx .cr-mkt-editorial,"Oversized editorial statement, no container",(none — no artboard covers this region),,KEEP,,MKT-002 homepage section 2,No canonical reference; v2.2 governs where the mock is silent (amendment 14),e2e/artifacts/pub001/,REFERENCE MISSING. Neither artboard covers this section.
category-breadth,app/(couranr)/(public)/page.tsx .cr-mkt-narrative,Image narrative with a labelled 'photography pending' slot,(none — no artboard covers this region),,KEEP,Slot stays until IMG-01..04 exist.,MKT-002 homepage section 3,No canonical reference; v2.2 governs,docs/couranr-mvp/brand/PUB-001_PHOTOGRAPHY_BRIEF.md,REFERENCE MISSING.
order-channels,app/(couranr)/(public)/page.tsx .cr-mkt-channelstrip,ONE bordered container holding seven tinted flat items,0E4F029F-22C3-4497-A00F-E355DCB3164D.png; 22D9363D-248B-41C0-8C4F-2D38CB3BF3D3.png,"SIX DISCRETE bordered white tiles in a row, each with an icon above a label, separated by gaps. No enclosing container. Section heading and subcopy are CENTRED.",REBUILD,Split into discrete bordered tiles; remove the enclosing container; centre the heading and subcopy.,MKT-002 10.4 requires all SEVEN merchant channels named,Seven tiles not six; generic 'Social media' rather than the artboard's Instagram and Facebook brand marks,e2e/artifacts/pub001/,Amendment 5.2 called this exactly: the flat channelstrip is the drift. Count and naming stay with MKT-002; geometry goes to the mock.
order-flow,app/(couranr)/(public)/page.tsx .cr-mkt-flow-strip,Three steps in one bordered strip,0E4F029F-22C3-4497-A00F-E355DCB3164D.png; 22D9363D-248B-41C0-8C4F-2D38CB3BF3D3.png,"Three bordered tinted panels with an arrow glyph BETWEEN them; desktop one row, mobile a row of three narrower panels.",RESTYLE,Render the arrows as separate glyphs between discrete panels rather than items inside one strip.,,,e2e/artifacts/pub001/,Mock-supported container. Not to be flattened.
outcomes,app/(couranr)/(public)/page.tsx .cr-mkt-outcomes,Ruled list of six,(none — no artboard covers this region),,KEEP,,MKT-002 business outcomes,No canonical reference; v2.2 governs,e2e/artifacts/pub001/,REFERENCE MISSING.
workflow,app/(couranr)/(public)/page.tsx .cr-mkt-rail,Connected four-step rail with numbered markers,(none — no artboard covers this region),,KEEP,,MKT-002 four-step workflow,No canonical reference; v2.2 19.4 governs,e2e/artifacts/pub001/,REFERENCE MISSING. The earlier recovery document ordered this REBUILT from the mock; no artboard contains it.
payer-choice,app/(couranr)/(public)/page.tsx .cr-mkt-payers,"Two tinted cards, circular icons, title + one paragraph each",0E4F029F-22C3-4497-A00F-E355DCB3164D.png; 22D9363D-248B-41C0-8C4F-2D38CB3BF3D3.png,"Two tinted cards with circular icons AND an embedded product mini-composition: saved card, delivery quote, checklist, payment link with a Copy control. Section heading CENTRED.",RESTYLE,Centre the heading. Consider the embedded product composition; do NOT reproduce its numbers.,"PAY-001, CAP-001","The artboard's $24.85 quote, VISA 4242 and couranr.com/pay/XY7N-4829 link are fixture data; TRM-001 and 19.5 forbid fabricated specifics on the public surface",e2e/artifacts/pub001/,Cards and icon circles are MOCK-SUPPORTED.
product-proof,app/(couranr)/(public)/page.tsx .cr-mkt-proof,Copy beside a panel: six-state timeline plus four artifact tiles,5780C3C2-8EFC-4BDC-87AA-85CE667921D8.png,"'Every handoff leaves a record.' Five-stage horizontal timeline with per-stage TIMESTAMPS, beside four artifact cards, one carrying a photograph.",RESTYLE,Reconcile the timeline to the artboard's horizontal five-stage geometry.,PRF-001,"Per-stage timestamps omitted — fixture data presented as a record (TRM-001, 19.5)",e2e/artifacts/pub001/,Already recorded as Gate A D-2.
categories,app/(couranr)/(public)/page.tsx .cr-mkt-categories,"Eleven bordered items in a 3-column grid, general fallback highlighted",5780C3C2-8EFC-4BDC-87AA-85CE667921D8.png,"'Built for real local businesses' CENTRED, then a SIX-TAB selector, then one panel: photograph + Typical items + Handling notes + Typical delivery details.",VERIFY,Centre the heading. The tab system needs per-category content that no authority defines; rendering it would invent eligibility signals (27 Section 8 forbids this).,Master Package category registry (eleven); CATEGORY_PURPOSE_COPY,Eleven visible rather than six behind tabs; no per-category items/handling/distance/vehicle because none is governed,e2e/artifacts/pub001/,OWNER DECISION REQUIRED: the artboard's tab content is ungoverned product data.
delivery-options,app/(couranr)/(public)/page.tsx .cr-mkt-options,Split story: lead column plus four ruled option rows,5780C3C2-8EFC-4BDC-87AA-85CE667921D8.png,"'Delivery options that fit your needs' CENTRED, then FOUR bordered cards in one row, each icon + title + body + short tag, with an overnight footnote below.",REBUILD,Restore the four-across bordered card row and centre the heading.,"SUR-001, SUR-002, MIL-002, OVN-001",,e2e/artifacts/pub001/,"THE CANONICAL CASE. This was changed to split-story only to satisfy 19's adjacent-duplicate rule against the neighbouring categories block — a budget, not a design decision. Amendment 5.7 names it; v2.2 r5 records it."
pricing,app/(couranr)/(public)/page.tsx .cr-mkt-band,"Full-bleed navy band, copy left, large price right",5780C3C2-8EFC-4BDC-87AA-85CE667921D8.png,"LIGHT bordered card, not a navy band. Sits in a two-up row beside the coverage card. Price in a bordered inset; checklist beside it; full-width gold CTA at the card's foot.",REBUILD,Rebuild as a light bordered card paired with coverage in one row.,"PRC-001, MIL-001",,e2e/artifacts/pub001/,The navy full-bleed band is implementation-invented — chosen to satisfy 19.6's rhythm reset. The artboard shows no navy here.
service-areas,app/(couranr)/(public)/page.tsx .cr-mkt-narrative--reverse,Corridor SVG beside copy and a three-item assurance list,5780C3C2-8EFC-4BDC-87AA-85CE667921D8.png,"Bordered card paired with pricing. Rendered MAP with four labelled pins on a route line, beside four green-ticked assurance lines and a 'View service areas' link.",RESTYLE,Pair with pricing in one row inside a bordered card.,"MKT-001, SVC-001; SVC-002 unresolved",Schematic corridor rather than a geographic map — SVC-002 is unresolved and a real map would imply a boundary. 'Loading assistance available' dropped: ungoverned.,e2e/artifacts/pub001/,Already recorded as Gate A D-3.
faq,app/(couranr)/(public)/page.tsx .cr-mkt-faq,"Ruled definition list, three items, all expanded",5780C3C2-8EFC-4BDC-87AA-85CE667921D8.png,"'Common questions from businesses' in a bordered card, FIVE collapsed accordion rows with chevrons, paired in a row with the Ask Couranr card.",REBUILD,Rebuild as a bordered card of collapsible rows paired with Ask Couranr.,MKT-002 FAQ set (three governed answers),"Three questions, not the artboard's five: only three have governed answers",e2e/artifacts/pub001/,Accordion is a mock-supported affordance the implementation does not have.
closing-cta,app/(couranr)/(public)/page.tsx .cr-mkt-closing,"Navy panel, centred statement, two buttons below",5780C3C2-8EFC-4BDC-87AA-85CE667921D8.png,"Navy full-bleed band. Copy LEFT, buttons RIGHT on one row, with a supporting line under the headline.",RESTYLE,Left-align the copy and move the buttons to the right of the same row.,"MKT-002 closing headline, verbatim",,e2e/artifacts/pub001/,Navy IS mock-supported here — unlike the pricing region.
footer,components/couranr/shell/shells.tsx PublicShell footer,"Navy, wordmark, one description line, single row of links",5780C3C2-8EFC-4BDC-87AA-85CE667921D8.png,"Navy, four labelled columns (Product, Resources, Company, Now serving), tagline lockup under the wordmark, three social icons, copyright line.",RESTYLE,Adopt the four-column geometry for the destinations that exist.,MKT-001; SVC-002 (unresolved),"Most artboard links have no route. The 'Now serving' column is market copy: MKT-001 owns the markets and SVC-002 (the boundary) is unresolved, and components/couranr/shell/shells.tsx states no shell renders market, pricing, hours or payer copy. No social accounts exist.",e2e/artifacts/pub001/,Already recorded as Gate A D-4.
ask-couranr,components/couranr/marketing/AskCouranr.tsx,"Floating launcher, opens an honest no-AI panel",5780C3C2-8EFC-4BDC-87AA-85CE667921D8.png,BOTH: a floating navy pill bottom-right AND a full 'Ask Couranr' card beside the FAQ with four suggested prompts.,VERIFY,The floating pill matches. The FAQ-adjacent card implies answer capability AIS-001 does not settle.,AIS-001,Suggested-prompt card not built — implies capability that is unresolved,e2e/artifacts/pub001/,Already recorded as Gate A D-5.
